run_name,model,condition,seed,auroc,auroc_ci_lo,auroc_ci_hi,ap,f1,precision,recall,accuracy,best_epoch,best_val_auroc,tp,fp,tn,fn,n,n_pos
bert-large_full_s0,bert-large,full,0.0,0.4772727272727272,0.2726641414141414,0.6945075757575757,0.3809442248572683,0.55,0.3793103448275862,1.0,0.3793103448275862,6.0,0.645,11.0,18.0,0.0,0.0,29.0,11.0
bert-large_full_s1,bert-large,full,1.0,0.3333333333333333,0.1111111111111111,0.5707070707070707,0.3400027392987731,0.55,0.3793103448275862,1.0,0.3793103448275862,1.0,0.5249999999999999,11.0,18.0,0.0,0.0,29.0,11.0
bert-large_full_s100,bert-large,full,100.0,0.4318181818181818,0.2171717171717171,0.6591540404040404,0.3752760233269978,0.55,0.3793103448275862,1.0,0.3793103448275862,1.0,0.53,11.0,18.0,0.0,0.0,29.0,11.0
bert-large_full_s11,bert-large,full,11.0,0.5126262626262625,0.297979797979798,0.7424242424242424,0.3995268101675424,0.2222222222222222,0.2857142857142857,0.1818181818181818,0.5172413793103449,7.0,0.63,2.0,5.0,13.0,9.0,29.0,11.0
bert-large_full_s111,bert-large,full,111.0,0.4242424242424242,0.1818181818181818,0.6464646464646464,0.4351267627203457,0.1538461538461538,0.5,0.0909090909090909,0.6206896551724138,3.0,0.5900000000000001,1.0,1.0,17.0,10.0,29.0,11.0
bert-large_full_s123,bert-large,full,123.0,0.5303030303030303,0.2929292929292929,0.7474747474747475,0.5366867980504345,0.0,0.0,0.0,0.6206896551724138,1.0,0.4449999999999999,0.0,0.0,18.0,11.0,29.0,11.0
bert-large_full_s13,bert-large,full,13.0,0.5909090909090909,0.3838383838383838,0.7929292929292929,0.5455747955747956,0.0,0.0,0.0,0.6206896551724138,9.0,0.51,0.0,0.0,18.0,11.0,29.0,11.0
bert-large_full_s2,bert-large,full,2.0,0.515151515151515,0.2878787878787879,0.7474747474747475,0.4448136925021442,0.55,0.3793103448275862,1.0,0.3793103448275862,1.0,0.5349999999999999,11.0,18.0,0.0,0.0,29.0,11.0
bert-large_full_s2024,bert-large,full,2024.0,0.5353535353535354,0.3079545454545454,0.762689393939394,0.4347538824811552,0.3809523809523809,0.4,0.3636363636363636,0.5517241379310345,9.0,0.6075,4.0,6.0,12.0,7.0,29.0,11.0
bert-large_full_s2025,bert-large,full,2025.0,0.5075757575757576,0.2828282828282828,0.7450126262626262,0.4190732008581906,0.55,0.3793103448275862,1.0,0.3793103448275862,1.0,0.595,11.0,18.0,0.0,0.0,29.0,11.0
bert-large_full_s2026,bert-large,full,2026.0,0.4595959595959596,0.2321969696969697,0.702020202020202,0.392241095765216,0.3333333333333333,0.4285714285714285,0.2727272727272727,0.5862068965517241,5.0,0.5249999999999999,3.0,4.0,14.0,8.0,29.0,11.0
bert-large_full_s22,bert-large,full,22.0,0.6540404040404041,0.4141414141414141,0.8636363636363636,0.6281144781144782,0.5294117647058824,0.391304347826087,0.8181818181818182,0.4482758620689655,5.0,0.605,9.0,14.0,4.0,2.0,29.0,11.0
bert-large_full_s234,bert-large,full,234.0,0.6136363636363636,0.3761994949494949,0.8282828282828283,0.5838713816935233,0.55,0.3793103448275862,1.0,0.3793103448275862,1.0,0.525,11.0,18.0,0.0,0.0,29.0,11.0
bert-large_full_s33,bert-large,full,33.0,0.4015151515151515,0.1463383838383838,0.6743055555555556,0.4615659560182886,0.0,0.0,0.0,0.6206896551724138,2.0,0.4525,0.0,0.0,18.0,11.0,29.0,11.0
bert-large_full_s345,bert-large,full,345.0,0.4393939393939393,0.2297348484848484,0.6718434343434342,0.3799521585018542,0.0,0.0,0.0,0.6206896551724138,1.0,0.3799999999999999,0.0,0.0,18.0,11.0,29.0,11.0
bert-large_full_s42,bert-large,full,42.0,0.4898989898989899,0.2676767676767677,0.712121212121212,0.4254569504569505,0.3333333333333333,0.4285714285714285,0.2727272727272727,0.5862068965517241,6.0,0.65,3.0,4.0,14.0,8.0,29.0,11.0
bert-large_full_s44,bert-large,full,44.0,0.4696969696969697,0.2499368686868686,0.6768308080808081,0.3816769286370012,0.0,0.0,0.0,0.6206896551724138,3.0,0.505,0.0,0.0,18.0,11.0,29.0,11.0
bert-large_full_s456,bert-large,full,456.0,0.5429292929292929,0.3257575757575757,0.75770202020202,0.4505805497184808,0.2222222222222222,0.2857142857142857,0.1818181818181818,0.5172413793103449,6.0,0.5,2.0,5.0,13.0,9.0,29.0,11.0
bert-large_full_s55,bert-large,full,55.0,0.5353535353535354,0.3030303030303031,0.7626262626262625,0.4521230143239712,0.0,0.0,0.0,0.6206896551724138,6.0,0.665,0.0,0.0,18.0,11.0,29.0,11.0
bert-large_full_s567,bert-large,full,567.0,0.4469696969696969,0.2095959595959595,0.6692550505050505,0.3702791860545871,0.0,0.0,0.0,0.6206896551724138,2.0,0.5025,0.0,0.0,18.0,11.0,29.0,11.0
bert-large_full_s66,bert-large,full,66.0,0.4141414141414141,0.1868686868686868,0.6212121212121212,0.4053947707863872,0.5882352941176471,0.4347826086956521,0.9090909090909092,0.5172413793103449,4.0,0.52,10.0,13.0,5.0,1.0,29.0,11.0
bert-large_full_s678,bert-large,full,678.0,0.6111111111111112,0.3838383838383838,0.8132575757575756,0.5728907456180183,0.3076923076923077,1.0,0.1818181818181818,0.6896551724137931,4.0,0.35,2.0,0.0,18.0,9.0,29.0,11.0
bert-large_full_s77,bert-large,full,77.0,0.4747474747474747,0.3282828282828283,0.6439393939393939,0.3997668997668997,0.0,0.0,0.0,0.6206896551724138,3.0,0.5775,0.0,0.0,18.0,11.0,29.0,11.0
bert-large_full_s789,bert-large,full,789.0,0.4747474747474747,0.2574494949494949,0.7272727272727273,0.4050959814596178,0.0,0.0,0.0,0.6206896551724138,2.0,0.4675,0.0,0.0,18.0,11.0,29.0,11.0
bert-large_full_s88,bert-large,full,88.0,0.3611111111111111,0.1717171717171717,0.5833964646464646,0.3390449304555887,0.55,0.3793103448275862,1.0,0.3793103448275862,1.0,0.5549999999999999,11.0,18.0,0.0,0.0,29.0,11.0
bert-large_full_s890,bert-large,full,890.0,0.5707070707070707,0.3535353535353535,0.7727272727272728,0.4825726904674273,0.1538461538461538,0.5,0.0909090909090909,0.6206896551724138,1.0,0.6050000000000001,1.0,1.0,17.0,10.0,29.0,11.0
bert-large_full_s901,bert-large,full,901.0,0.5303030303030303,0.328219696969697,0.7349116161616162,0.3891364775575301,0.0,0.0,0.0,0.6206896551724138,3.0,0.515,0.0,0.0,18.0,11.0,29.0,11.0
bert-large_full_s99,bert-large,full,99.0,0.696969696969697,0.4898989898989898,0.8686868686868687,0.5434057170899276,0.0,0.0,0.0,0.6206896551724138,4.0,0.5650000000000001,0.0,0.0,18.0,11.0,29.0,11.0
bert-large_full_s999,bert-large,full,999.0,0.537878787878788,0.3231060606060605,0.744949494949495,0.4605334059879514,0.0,0.0,0.0,0.6206896551724138,2.0,0.6175,0.0,0.0,18.0,11.0,29.0,11.0
bert-large_qa_s0,bert-large,qa,0.0,0.4625,0.28734375,0.6439062499999999,0.3692307692307692,0.0,0.0,0.0,0.6153846153846154,3.0,0.4888888888888889,0.0,0.0,16.0,10.0,26.0,10.0
bert-large_qa_s1,bert-large,qa,1.0,0.40625,0.175,0.61875,0.3708403361344538,0.0,0.0,0.0,0.6153846153846154,3.0,0.6722222222222222,0.0,0.0,16.0,10.0,26.0,10.0
bert-large_qa_s100,bert-large,qa,100.0,0.38125,0.14375,0.63125,0.431096746390864,0.2352941176470588,0.2857142857142857,0.2,0.5,6.0,0.6111111111111112,2.0,5.0,11.0,8.0,26.0,10.0
bert-large_qa_s11,bert-large,qa,11.0,0.50625,0.28125,0.71875,0.3938798701298701,0.5185185185185185,0.4117647058823529,0.7,0.5,7.0,0.7722222222222221,7.0,10.0,6.0,3.0,26.0,10.0
bert-large_qa_s111,bert-large,qa,111.0,0.684375,0.446796875,0.8875,0.6570995670995671,0.0,0.0,0.0,0.6153846153846154,2.0,0.6222222222222222,0.0,0.0,16.0,10.0,26.0,10.0
bert-large_qa_s123,bert-large,qa,123.0,0.484375,0.25625,0.69390625,0.4508710875654609,0.0,0.0,0.0,0.6153846153846154,5.0,0.5583333333333333,0.0,0.0,16.0,10.0,26.0,10.0
bert-large_qa_s13,bert-large,qa,13.0,0.7562500000000001,0.56234375,0.93140625,0.6226981351981352,0.1666666666666666,0.5,0.1,0.6153846153846154,5.0,0.538888888888889,1.0,1.0,15.0,9.0,26.0,10.0
bert-large_qa_s2,bert-large,qa,2.0,0.6,0.36859375,0.80640625,0.491333681798078,0.0,0.0,0.0,0.6153846153846154,2.0,0.4111111111111111,0.0,0.0,16.0,10.0,26.0,10.0
bert-large_qa_s2024,bert-large,qa,2024.0,0.6156250000000001,0.38734375,0.8375,0.5306582125603865,0.0,0.0,0.0,0.6153846153846154,6.0,0.775,0.0,0.0,16.0,10.0,26.0,10.0
bert-large_qa_s2025,bert-large,qa,2025.0,0.4125,0.2,0.6375,0.3690111359229006,0.5555555555555556,0.3846153846153846,1.0,0.3846153846153846,3.0,0.7611111111111112,10.0,16.0,0.0,0.0,26.0,10.0
bert-large_qa_s2026,bert-large,qa,2026.0,0.25625,0.05609375,0.5125,0.3802398181528617,0.0,0.0,0.0,0.6153846153846154,1.0,0.7555555555555555,0.0,0.0,16.0,10.0,26.0,10.0
bert-large_qa_s22,bert-large,qa,22.0,0.44375,0.2,0.66875,0.440224053440166,0.3809523809523809,0.3636363636363636,0.4,0.5,6.0,0.5277777777777778,4.0,7.0,9.0,6.0,26.0,10.0
bert-large_qa_s234,bert-large,qa,234.0,0.5062500000000001,0.2875,0.7375,0.4627380952380951,0.0,0.0,0.0,0.6153846153846154,3.0,0.4777777777777778,0.0,0.0,16.0,10.0,26.0,10.0
bert-large_qa_s33,bert-large,qa,33.0,0.50625,0.26234375,0.7439062499999999,0.417922502334267,0.0,0.0,0.0,0.6153846153846154,6.0,0.6305555555555555,0.0,0.0,16.0,10.0,26.0,10.0
bert-large_qa_s345,bert-large,qa,345.0,0.38125,0.17484375,0.6128124999999998,0.3617838924360663,0.5555555555555556,0.3846153846153846,1.0,0.3846153846153846,2.0,0.7444444444444445,10.0,16.0,0.0,0.0,26.0,10.0
bert-large_qa_s42,bert-large,qa,42.0,0.5531250000000001,0.315625,0.7625781249999999,0.4982259570494864,0.5555555555555556,0.3846153846153846,1.0,0.3846153846153846,1.0,0.6805555555555556,10.0,16.0,0.0,0.0,26.0,10.0
bert-large_qa_s44,bert-large,qa,44.0,0.334375,0.143671875,0.5499999999999999,0.323985458985459,0.0,0.0,0.0,0.6153846153846154,3.0,0.7055555555555556,0.0,0.0,16.0,10.0,26.0,10.0
bert-large_qa_s456,bert-large,qa,456.0,0.50625,0.25,0.71875,0.4861822235735279,0.5555555555555556,0.3846153846153846,1.0,0.3846153846153846,2.0,0.6416666666666667,10.0,16.0,0.0,0.0,26.0,10.0
bert-large_qa_s55,bert-large,qa,55.0,0.3375,0.149921875,0.5750781249999999,0.342928420908297,0.1428571428571428,0.25,0.1,0.5384615384615384,1.0,0.5555555555555556,1.0,3.0,13.0,9.0,26.0,10.0
bert-large_qa_s567,bert-large,qa,567.0,0.371875,0.15625,0.6000781249999999,0.3621816779711516,0.0,0.0,0.0,0.6153846153846154,6.0,0.6138888888888889,0.0,0.0,16.0,10.0,26.0,10.0
bert-large_qa_s66,bert-large,qa,66.0,0.525,0.2875,0.8,0.4401183840314274,0.0,0.0,0.0,0.6153846153846154,4.0,0.6694444444444445,0.0,0.0,16.0,10.0,26.0,10.0
bert-large_qa_s678,bert-large,qa,678.0,0.521875,0.303046875,0.7407812499999998,0.4235179294389821,0.0,0.0,0.0,0.6153846153846154,3.0,0.5861111111111111,0.0,0.0,16.0,10.0,26.0,10.0
bert-large_qa_s7,bert-large,qa,7.0,0.425,0.2,0.6439062499999999,0.364517175291169,0.0,0.0,0.0,0.6153846153846154,3.0,0.5611111111111111,0.0,0.0,16.0,10.0,26.0,10.0
bert-large_qa_s77,bert-large,qa,77.0,0.4781249999999999,0.2375,0.715625,0.5076029748283752,0.25,0.3333333333333333,0.2,0.5384615384615384,6.0,0.7333333333333334,2.0,4.0,12.0,8.0,26.0,10.0
bert-large_qa_s789,bert-large,qa,789.0,0.3625,0.15,0.6125,0.3537559189475665,0.125,0.1666666666666666,0.1,0.4615384615384615,2.0,0.5916666666666667,1.0,5.0,11.0,9.0,26.0,10.0
bert-large_qa_s88,bert-large,qa,88.0,0.39375,0.175,0.61875,0.4169362883493318,0.5555555555555556,0.3846153846153846,1.0,0.3846153846153846,1.0,0.5888888888888889,10.0,16.0,0.0,0.0,26.0,10.0
bert-large_qa_s890,bert-large,qa,890.0,0.46875,0.25,0.69375,0.3899609317411175,0.5555555555555556,0.3846153846153846,1.0,0.3846153846153846,1.0,0.6055555555555555,10.0,16.0,0.0,0.0,26.0,10.0
bert-large_qa_s901,bert-large,qa,901.0,0.45625,0.23125,0.6751562499999999,0.3825439919557566,0.0,0.0,0.0,0.6153846153846154,2.0,0.5333333333333333,0.0,0.0,16.0,10.0,26.0,10.0
bert-large_qa_s99,bert-large,qa,99.0,0.778125,0.575,0.94375,0.6387698412698413,0.1818181818181818,1.0,0.1,0.6538461538461539,1.0,0.575,1.0,0.0,16.0,9.0,26.0,10.0
bert-large_qa_s999,bert-large,qa,999.0,0.5625,0.35,0.7814062499999999,0.4132558669400774,0.125,0.1666666666666666,0.1,0.4615384615384615,3.0,0.6555555555555556,1.0,5.0,11.0,9.0,26.0,10.0
bert-large_scripted_s0,bert-large,scripted,0.0,0.4621212121212121,0.2448863636363635,0.6792929292929292,0.3729297663121192,0.5625,0.4285714285714285,0.8181818181818182,0.5172413793103449,4.0,0.76,9.0,12.0,6.0,2.0,29.0,11.0
bert-large_scripted_s1,bert-large,scripted,1.0,0.3560606060606061,0.1767676767676767,0.5606691919191918,0.3210798306192595,0.55,0.3793103448275862,1.0,0.3793103448275862,1.0,0.7,11.0,18.0,0.0,0.0,29.0,11.0
bert-large_scripted_s100,bert-large,scripted,100.0,0.3333333333333333,0.1210858585858585,0.5708333333333332,0.3971419849162796,0.0,0.0,0.0,0.6206896551724138,3.0,0.785,0.0,0.0,18.0,11.0,29.0,11.0
bert-large_scripted_s11,bert-large,scripted,11.0,0.4015151515151515,0.1792297979797979,0.6414141414141414,0.4372567275711292,0.0,0.0,0.0,0.6206896551724138,1.0,0.515,0.0,0.0,18.0,11.0,29.0,11.0
bert-large_scripted_s111,bert-large,scripted,111.0,0.4419191919191919,0.2525252525252525,0.6666666666666666,0.3841103049873665,0.0,0.0,0.0,0.6206896551724138,2.0,0.8,0.0,0.0,18.0,11.0,29.0,11.0
bert-large_scripted_s123,bert-large,scripted,123.0,0.4393939393939393,0.2246843434343434,0.6692550505050505,0.3513125763125763,0.0,0.0,0.0,0.6206896551724138,8.0,0.615,0.0,0.0,18.0,11.0,29.0,11.0
bert-large_scripted_s13,bert-large,scripted,13.0,0.2727272727272727,0.1008838383838383,0.4748737373737373,0.2936729924656549,0.2962962962962963,0.25,0.3636363636363636,0.3448275862068966,2.0,0.6699999999999999,4.0,12.0,6.0,7.0,29.0,11.0
bert-large_scripted_s2,bert-large,scripted,2.0,0.2676767676767677,0.0933712121212121,0.4672348484848484,0.2961881239624185,0.1333333333333333,0.25,0.0909090909090909,0.5517241379310345,6.0,0.6875,1.0,3.0,15.0,10.0,29.0,11.0
bert-large_scripted_s2024,bert-large,scripted,2024.0,0.3434343434343434,0.1464015151515151,0.5631944444444444,0.3202029452029452,0.2608695652173913,0.25,0.2727272727272727,0.4137931034482758,2.0,0.745,3.0,9.0,9.0,8.0,29.0,11.0
bert-large_scripted_s2025,bert-large,scripted,2025.0,0.409090909090909,0.2220959595959596,0.6213383838383838,0.3420343314939431,0.4,0.3571428571428571,0.4545454545454545,0.4827586206896552,4.0,0.8150000000000001,5.0,9.0,9.0,6.0,29.0,11.0
bert-large_scripted_s2026,bert-large,scripted,2026.0,0.5252525252525252,0.3256944444444444,0.7297979797979798,0.4055489964580874,0.1333333333333333,0.25,0.0909090909090909,0.5517241379310345,5.0,0.685,1.0,3.0,15.0,10.0,29.0,11.0
bert-large_scripted_s22,bert-large,scripted,22.0,0.3434343434343434,0.1262626262626263,0.560732323232323,0.337210452134154,0.1111111111111111,0.1428571428571428,0.0909090909090909,0.4482758620689655,8.0,0.7775,1.0,6.0,12.0,10.0,29.0,11.0
bert-large_scripted_s234,bert-large,scripted,234.0,0.3636363636363636,0.1717171717171717,0.5808080808080808,0.3247808133924286,0.0,0.0,0.0,0.6206896551724138,2.0,0.675,0.0,0.0,18.0,11.0,29.0,11.0
bert-large_scripted_s33,bert-large,scripted,33.0,0.2575757575757575,0.101010101010101,0.4393939393939393,0.2897796741807631,0.0,0.0,0.0,0.4137931034482758,4.0,0.72,0.0,6.0,12.0,11.0,29.0,11.0
bert-large_scripted_s345,bert-large,scripted,345.0,0.5555555555555556,0.3106060606060606,0.7753156565656565,0.5067611937177154,0.3529411764705882,0.5,0.2727272727272727,0.6206896551724138,3.0,0.8099999999999999,3.0,3.0,15.0,8.0,29.0,11.0
bert-large_scripted_s42,bert-large,scripted,42.0,0.3383838383838384,0.1412878787878788,0.5505050505050505,0.3816420616420617,0.2608695652173913,0.25,0.2727272727272727,0.4137931034482758,7.0,0.7749999999999999,3.0,9.0,9.0,8.0,29.0,11.0
bert-large_scripted_s44,bert-large,scripted,44.0,0.3838383838383838,0.1616161616161616,0.6213383838383837,0.4143175437186326,0.2666666666666666,0.5,0.1818181818181818,0.6206896551724138,5.0,0.6475000000000001,2.0,2.0,16.0,9.0,29.0,11.0
bert-large_scripted_s456,bert-large,scripted,456.0,0.409090909090909,0.202020202020202,0.6515151515151514,0.4173302814682125,0.3571428571428571,0.2941176470588235,0.4545454545454545,0.3793103448275862,4.0,0.79,5.0,12.0,6.0,6.0,29.0,11.0
bert-large_scripted_s55,bert-large,scripted,55.0,0.3762626262626262,0.1816919191919191,0.601010101010101,0.3249522875016946,0.0,0.0,0.0,0.4137931034482758,8.0,0.76,0.0,6.0,12.0,11.0,29.0,11.0
bert-large_scripted_s567,bert-large,scripted,567.0,0.5303030303030303,0.2878787878787879,0.7525252525252525,0.4548067252612707,0.0,0.0,0.0,0.6206896551724138,4.0,0.5800000000000001,0.0,0.0,18.0,11.0,29.0,11.0
bert-large_scripted_s66,bert-large,scripted,66.0,0.398989898989899,0.2119949494949495,0.6111111111111112,0.3319917292264604,0.1818181818181818,0.1818181818181818,0.1818181818181818,0.3793103448275862,4.0,0.64,2.0,9.0,9.0,9.0,29.0,11.0
bert-large_scripted_s678,bert-large,scripted,678.0,0.4797979797979798,0.2575757575757575,0.7071969696969697,0.4128580810816898,0.3,0.3333333333333333,0.2727272727272727,0.5172413793103449,3.0,0.695,3.0,6.0,12.0,8.0,29.0,11.0
bert-large_scripted_s7,bert-large,scripted,7.0,0.2525252525252525,0.0857323232323232,0.4494949494949495,0.287382609965517,0.5142857142857142,0.375,0.8181818181818182,0.4137931034482758,5.0,0.7150000000000001,9.0,15.0,3.0,2.0,29.0,11.0
bert-large_scripted_s77,bert-large,scripted,77.0,0.4696969696969696,0.2575757575757575,0.6819444444444444,0.4336149499832364,0.1666666666666666,1.0,0.0909090909090909,0.6551724137931034,2.0,0.61,1.0,0.0,18.0,10.0,29.0,11.0
bert-large_scripted_s789,bert-large,scripted,789.0,0.452020202020202,0.2322601010101009,0.6768939393939393,0.3631145006391594,0.0,0.0,0.0,0.6206896551724138,5.0,0.7725000000000001,0.0,0.0,18.0,11.0,29.0,11.0
bert-large_scripted_s88,bert-large,scripted,88.0,0.3459595959595959,0.1539772727272727,0.5404040404040404,0.3142959476920979,0.2727272727272727,0.2727272727272727,0.2727272727272727,0.4482758620689655,2.0,0.8,3.0,8.0,10.0,8.0,29.0,11.0
bert-large_scripted_s890,bert-large,scripted,890.0,0.3434343434343434,0.1414141414141414,0.5505050505050505,0.3313948262076604,0.0,0.0,0.0,0.4827586206896552,3.0,0.6699999999999999,0.0,4.0,14.0,11.0,29.0,11.0
bert-large_scripted_s901,bert-large,scripted,901.0,0.3535353535353536,0.1766414141414141,0.5660353535353532,0.3185368449670509,0.0,0.0,0.0,0.6206896551724138,7.0,0.775,0.0,0.0,18.0,11.0,29.0,11.0
bert-large_scripted_s99,bert-large,scripted,99.0,0.3888888888888888,0.1792297979797979,0.6111742424242425,0.4144351148576308,0.2666666666666666,0.5,0.1818181818181818,0.6206896551724138,4.0,0.725,2.0,2.0,16.0,9.0,29.0,11.0
bert-large_scripted_s999,bert-large,scripted,999.0,0.3560606060606061,0.1514520202020201,0.5885101010101009,0.3321005129404338,0.0,0.0,0.0,0.6206896551724138,1.0,0.7075,0.0,0.0,18.0,11.0,29.0,11.0
finbert_full_s0,finbert,full,0.0,0.3989898989898989,0.1867424242424242,0.6265151515151514,0.3538771276185464,0.3157894736842105,0.375,0.2727272727272727,0.5517241379310345,10.0,0.6799999999999999,3.0,5.0,13.0,8.0,29.0,11.0
finbert_full_s1,finbert,full,1.0,0.6313131313131313,0.4141414141414141,0.8434343434343433,0.5978852566890844,0.5625,0.4285714285714285,0.8181818181818182,0.5172413793103449,1.0,0.47,9.0,12.0,6.0,2.0,29.0,11.0
finbert_full_s100,finbert,full,100.0,0.404040404040404,0.1917929292929293,0.6313131313131313,0.3521423951657751,0.2727272727272727,0.2727272727272727,0.2727272727272727,0.4482758620689655,6.0,0.435,3.0,8.0,10.0,8.0,29.0,11.0
finbert_full_s11,finbert,full,11.0,0.6616161616161615,0.4343434343434343,0.8636363636363636,0.5338409906591725,0.5806451612903226,0.45,0.8181818181818182,0.5517241379310345,3.0,0.625,9.0,11.0,7.0,2.0,29.0,11.0
finbert_full_s13,finbert,full,13.0,0.6313131313131314,0.4241161616161615,0.8484848484848484,0.621893846893847,0.5,0.8,0.3636363636363636,0.7241379310344828,2.0,0.685,4.0,1.0,17.0,7.0,29.0,11.0
finbert_full_s2,finbert,full,2.0,0.595959595959596,0.3835858585858586,0.8080808080808081,0.563025358479904,0.5333333333333333,0.4210526315789473,0.7272727272727273,0.5172413793103449,3.0,0.555,8.0,11.0,7.0,3.0,29.0,11.0
finbert_full_s2024,finbert,full,2024.0,0.4494949494949495,0.2373737373737373,0.6767676767676767,0.3927082418214245,0.3157894736842105,0.375,0.2727272727272727,0.5517241379310345,3.0,0.455,3.0,5.0,13.0,8.0,29.0,11.0
finbert_full_s2025,finbert,full,2025.0,0.6262626262626263,0.4039141414141413,0.8435606060606059,0.560964035964036,0.5294117647058824,0.391304347826087,0.8181818181818182,0.4482758620689655,5.0,0.595,9.0,14.0,4.0,2.0,29.0,11.0
finbert_full_s2026,finbert,full,2026.0,0.3661616161616161,0.1565025252525252,0.6136994949494949,0.3406131120707923,0.4347826086956521,0.4166666666666667,0.4545454545454545,0.5517241379310345,8.0,0.42,5.0,7.0,11.0,6.0,29.0,11.0
finbert_full_s22,finbert,full,22.0,0.5404040404040403,0.3029040404040403,0.7526515151515151,0.4519955488607526,0.5,0.4117647058823529,0.6363636363636364,0.5172413793103449,2.0,0.375,7.0,10.0,8.0,4.0,29.0,11.0
finbert_full_s33,finbert,full,33.0,0.5303030303030303,0.308080808080808,0.7323232323232323,0.3992649304287356,0.2222222222222222,0.2857142857142857,0.1818181818181818,0.5172413793103449,8.0,0.445,2.0,5.0,13.0,9.0,29.0,11.0
finbert_full_s42,finbert,full,42.0,0.7424242424242424,0.5453282828282828,0.9292929292929292,0.6637703827612549,0.6896551724137931,0.5555555555555556,0.9090909090909092,0.6896551724137931,5.0,0.71,10.0,8.0,10.0,1.0,29.0,11.0
finbert_full_s44,finbert,full,44.0,0.3232323232323232,0.1209595959595959,0.5454545454545454,0.3160794156398627,0.2105263157894736,0.25,0.1818181818181818,0.4827586206896552,4.0,0.495,2.0,6.0,12.0,9.0,29.0,11.0
finbert_full_s7,finbert,full,7.0,0.452020202020202,0.2247474747474747,0.6767676767676768,0.3914041031432336,0.3809523809523809,0.4,0.3636363636363636,0.5517241379310345,10.0,0.5975,4.0,6.0,12.0,7.0,29.0,11.0
finbert_qa_s0,finbert,qa,0.0,0.375,0.1625,0.6125,0.3369622044622044,0.2222222222222222,0.25,0.2,0.4615384615384615,8.0,0.4833333333333334,2.0,6.0,10.0,8.0,26.0,10.0
finbert_qa_s1,finbert,qa,1.0,0.5375,0.30609375,0.75,0.5259856964500927,0.48,0.4,0.6,0.5,5.0,0.575,6.0,9.0,7.0,4.0,26.0,10.0
finbert_qa_s100,finbert,qa,100.0,0.51875,0.3,0.7376562499999999,0.4202756464904802,0.2352941176470588,0.2857142857142857,0.2,0.5,4.0,0.5833333333333333,2.0,5.0,11.0,8.0,26.0,10.0
finbert_qa_s11,finbert,qa,11.0,0.5499999999999999,0.2996875,0.8125,0.6189556096077835,0.4615384615384615,1.0,0.3,0.7307692307692307,1.0,0.6611111111111111,3.0,0.0,16.0,7.0,26.0,10.0
finbert_qa_s13,finbert,qa,13.0,0.625,0.3875,0.84375,0.6067569930069929,0.3333333333333333,1.0,0.2,0.6923076923076923,1.0,0.7722222222222223,2.0,0.0,16.0,8.0,26.0,10.0
finbert_qa_s2,finbert,qa,2.0,0.38125,0.15625,0.6064062499999998,0.3578505552418596,0.1333333333333333,0.2,0.1,0.5,2.0,0.8333333333333334,1.0,4.0,12.0,9.0,26.0,10.0
finbert_qa_s2024,finbert,qa,2024.0,0.30625,0.1,0.51875,0.3401994097234035,0.1052631578947368,0.1111111111111111,0.1,0.3461538461538461,8.0,0.4777777777777778,1.0,8.0,8.0,9.0,26.0,10.0
finbert_qa_s2025,finbert,qa,2025.0,0.484375,0.26859375,0.725,0.3853156565656566,0.4545454545454545,0.4166666666666667,0.5,0.5384615384615384,2.0,0.6305555555555555,5.0,7.0,9.0,5.0,26.0,10.0
finbert_qa_s2026,finbert,qa,2026.0,0.29375,0.11859375,0.5125,0.3098604475234909,0.1333333333333333,0.2,0.1,0.5,5.0,0.4555555555555555,1.0,4.0,12.0,9.0,26.0,10.0
finbert_qa_s22,finbert,qa,22.0,0.68125,0.45,0.9,0.6514294529000411,0.4444444444444444,0.5,0.4,0.6153846153846154,4.0,0.6472222222222223,4.0,4.0,12.0,6.0,26.0,10.0
finbert_qa_s33,finbert,qa,33.0,0.4125,0.2,0.63140625,0.3726964013536903,0.1538461538461538,0.3333333333333333,0.1,0.5769230769230769,4.0,0.4666666666666667,1.0,2.0,14.0,9.0,26.0,10.0
finbert_qa_s42,finbert,qa,42.0,0.55625,0.3,0.78140625,0.5665476190476191,0.5714285714285714,0.4444444444444444,0.8,0.5384615384615384,4.0,0.6333333333333333,8.0,10.0,6.0,2.0,26.0,10.0
finbert_qa_s7,finbert,qa,7.0,0.375,0.13125,0.65,0.3673333912464347,0.4210526315789473,0.4444444444444444,0.4,0.5769230769230769,2.0,0.4111111111111111,4.0,5.0,11.0,6.0,26.0,10.0
finbert_scripted_s0,finbert,scripted,0.0,0.2626262626262626,0.101010101010101,0.4698232323232322,0.2909327175102576,0.1904761904761904,0.2,0.1818181818181818,0.4137931034482758,2.0,0.5599999999999999,2.0,8.0,10.0,9.0,29.0,11.0
finbert_scripted_s1,finbert,scripted,1.0,0.3308080808080808,0.1211489898989899,0.5555555555555556,0.3285285276664587,0.3478260869565217,0.3333333333333333,0.3636363636363636,0.4827586206896552,2.0,0.7474999999999999,4.0,8.0,10.0,7.0,29.0,11.0
finbert_scripted_s100,finbert,scripted,100.0,0.3459595959595959,0.1616161616161616,0.5505050505050504,0.3187947921643573,0.0,0.0,0.0,0.4137931034482758,9.0,0.7875,0.0,6.0,12.0,11.0,29.0,11.0
finbert_scripted_s11,finbert,scripted,11.0,0.3838383838383838,0.1666666666666666,0.6111111111111112,0.3588287638287638,0.3333333333333333,0.3076923076923077,0.3636363636363636,0.4482758620689655,6.0,0.69,4.0,9.0,9.0,7.0,29.0,11.0
finbert_scripted_s13,finbert,scripted,13.0,0.5252525252525253,0.3029040404040403,0.7323232323232324,0.4894800489120976,0.1666666666666666,1.0,0.0909090909090909,0.6551724137931034,8.0,0.785,1.0,0.0,18.0,10.0,29.0,11.0
finbert_scripted_s2,finbert,scripted,2.0,0.3282828282828283,0.106060606060606,0.5606060606060606,0.3475368718329057,0.2857142857142857,0.2352941176470588,0.3636363636363636,0.3103448275862069,3.0,0.735,4.0,13.0,5.0,7.0,29.0,11.0
finbert_scripted_s2024,finbert,scripted,2024.0,0.303030303030303,0.106060606060606,0.5252525252525252,0.3051894731776716,0.0,0.0,0.0,0.5517241379310345,1.0,0.54,0.0,2.0,16.0,11.0,29.0,11.0
finbert_scripted_s2025,finbert,scripted,2025.0,0.308080808080808,0.1059343434343434,0.5303030303030303,0.3777222083818785,0.2857142857142857,0.2352941176470588,0.3636363636363636,0.3103448275862069,2.0,0.6450000000000001,4.0,13.0,5.0,7.0,29.0,11.0
finbert_scripted_s2026,finbert,scripted,2026.0,0.3080808080808081,0.1161616161616161,0.5255050505050504,0.3167127485309303,0.2857142857142857,0.2352941176470588,0.3636363636363636,0.3103448275862069,3.0,0.67,4.0,13.0,5.0,7.0,29.0,11.0
finbert_scripted_s22,finbert,scripted,22.0,0.2929292929292929,0.1008838383838384,0.494949494949495,0.3016227469714123,0.2608695652173913,0.25,0.2727272727272727,0.4137931034482758,4.0,0.6925000000000001,3.0,9.0,9.0,8.0,29.0,11.0
finbert_scripted_s33,finbert,scripted,33.0,0.4191919191919192,0.207070707070707,0.6313131313131313,0.3806675502600267,0.2352941176470588,0.3333333333333333,0.1818181818181818,0.5517241379310345,8.0,0.74,2.0,4.0,14.0,9.0,29.0,11.0
finbert_scripted_s42,finbert,scripted,42.0,0.3636363636363636,0.1464646464646464,0.611111111111111,0.3712742455702794,0.2857142857142857,0.2352941176470588,0.3636363636363636,0.3103448275862069,4.0,0.795,4.0,13.0,5.0,7.0,29.0,11.0
finbert_scripted_s44,finbert,scripted,44.0,0.2828282828282828,0.0959595959595959,0.505050505050505,0.3271512012891323,0.2307692307692307,0.2,0.2727272727272727,0.3103448275862069,2.0,0.66,3.0,12.0,6.0,8.0,29.0,11.0
finbert_scripted_s7,finbert,scripted,7.0,0.1868686868686868,0.0453282828282828,0.3690656565656562,0.2728085632508421,0.0,0.0,0.0,0.5172413793103449,1.0,0.6900000000000001,0.0,3.0,15.0,11.0,29.0,11.0
longformer_full_s0,longformer,full,0.0,0.4343434343434343,0.2272727272727272,0.6565656565656566,0.3660015741833923,0.0,0.0,0.0,0.5862068965517241,10.0,0.84,0.0,1.0,17.0,11.0,29.0,11.0
longformer_full_s0_frozen,longformer,full,0.0,0.4898989898989898,0.267550505050505,0.7223484848484847,0.433869483007414,0.0,0.0,0.0,0.6206896551724138,2.0,0.5725,0.0,0.0,18.0,11.0,29.0,11.0
longformer_full_s0_lowlr,longformer,full,0.0,0.4898989898989899,0.2626262626262626,0.7222222222222222,0.3940215850255447,0.0,0.0,0.0,0.6206896551724138,1.0,0.4549999999999999,0.0,0.0,18.0,11.0,29.0,11.0
longformer_full_s0_trunc-head,longformer,full,0.0,0.6717171717171717,0.4544191919191919,0.8686868686868686,0.52832674571805,0.0,0.0,0.0,0.6206896551724138,4.0,0.51,0.0,0.0,18.0,11.0,29.0,11.0
longformer_full_s0_trunc-middle,longformer,full,0.0,0.5126262626262627,0.303030303030303,0.734911616161616,0.3991279409939697,0.3157894736842105,0.375,0.2727272727272727,0.5517241379310345,7.0,0.555,3.0,5.0,13.0,8.0,29.0,11.0
longformer_full_s0_trunc-middle,71,,,,,,,,,,,,,,,,,,
longformer_full_s1,longformer,full,1.0,0.5909090909090908,0.3484848484848485,0.8080808080808081,0.574029884257157,0.0,0.0,0.0,0.6206896551724138,1.0,0.7125,0.0,0.0,18.0,11.0,29.0,11.0
longformer_full_s100,longformer,full,100.0,0.5303030303030303,0.2954545454545454,0.7474747474747474,0.4366442335094372,0.2666666666666666,0.5,0.1818181818181818,0.6206896551724138,5.0,0.63,2.0,2.0,16.0,9.0,29.0,11.0
longformer_full_s11,longformer,full,11.0,0.4999999999999999,0.2828282828282828,0.7272727272727272,0.4229084321475626,0.0,0.0,0.0,0.6206896551724138,3.0,0.78,0.0,0.0,18.0,11.0,29.0,11.0
longformer_full_s111,longformer,full,111.0,0.6868686868686869,0.4796717171717171,0.8688131313131312,0.5877522961007534,0.0,0.0,0.0,0.6206896551724138,4.0,0.75,0.0,0.0,18.0,11.0,29.0,11.0
longformer_full_s123,longformer,full,123.0,0.6944444444444444,0.4494949494949495,0.9090909090909092,0.7116062098820719,0.0,0.0,0.0,0.6206896551724138,1.0,0.5349999999999999,0.0,0.0,18.0,11.0,29.0,11.0
longformer_full_s13,longformer,full,13.0,0.6843434343434344,0.4595959595959596,0.8737373737373738,0.6365469154168845,0.1666666666666666,1.0,0.0909090909090909,0.6551724137931034,5.0,0.5499999999999999,1.0,0.0,18.0,10.0,29.0,11.0
longformer_full_s1_frozen,longformer,full,1.0,0.393939393939394,0.1818181818181818,0.5960858585858585,0.3658944937019804,0.0,0.0,0.0,0.5862068965517241,3.0,0.63,0.0,1.0,17.0,11.0,29.0,11.0
longformer_full_s1_lowlr,longformer,full,1.0,0.5151515151515151,0.275189393939394,0.7323232323232324,0.4846074490811333,0.0,0.0,0.0,0.6206896551724138,4.0,0.8800000000000001,0.0,0.0,18.0,11.0,29.0,11.0
longformer_full_s1_trunc-head,longformer,full,1.0,0.4419191919191919,0.2095328282828282,0.6919191919191918,0.4758676217446832,0.0,0.0,0.0,0.6206896551724138,1.0,0.62,0.0,0.0,18.0,11.0,29.0,11.0
longformer_full_s1_trunc-middle,longformer,full,1.0,0.3409090909090909,0.1514520202020201,0.5556186868686869,0.337406385180587,0.1428571428571428,0.3333333333333333,0.0909090909090909,0.5862068965517241,5.0,0.5549999999999999,1.0,2.0,16.0,10.0,29.0,11.0
longformer_full_s2,longformer,full,2.0,0.7222222222222222,0.4898358585858585,0.916729797979798,0.7219286460665771,0.0,0.0,0.0,0.6206896551724138,2.0,0.6024999999999999,0.0,0.0,18.0,11.0,29.0,11.0
longformer_full_s2024,longformer,full,2024.0,0.4545454545454545,0.2424242424242424,0.6767676767676767,0.3810948526014789,0.0,0.0,0.0,0.6206896551724138,3.0,0.6749999999999999,0.0,0.0,18.0,11.0,29.0,11.0
longformer_full_s2025,longformer,full,2025.0,0.5252525252525253,0.3080176767676768,0.7525883838383837,0.4086696828076138,0.0,0.0,0.0,0.6206896551724138,2.0,0.7000000000000001,0.0,0.0,18.0,11.0,29.0,11.0
longformer_full_s2026,longformer,full,2026.0,0.5050505050505051,0.2727272727272727,0.7399621212121212,0.4508142567371776,0.0,0.0,0.0,0.6206896551724138,1.0,0.565,0.0,0.0,18.0,11.0,29.0,11.0
longformer_full_s22,longformer,full,22.0,0.4924242424242424,0.2525252525252525,0.724810606060606,0.5452331193710503,0.0,0.0,0.0,0.6206896551724138,1.0,0.655,0.0,0.0,18.0,11.0,29.0,11.0
longformer_full_s234,longformer,full,234.0,0.6565656565656566,0.4291666666666666,0.8738636363636363,0.6602403343782655,0.0,0.0,0.0,0.6206896551724138,2.0,0.865,0.0,0.0,18.0,11.0,29.0,11.0
longformer_full_s33,longformer,full,33.0,0.6212121212121212,0.3988636363636363,0.8183080808080807,0.558847213392668,0.0,0.0,0.0,0.6206896551724138,3.0,0.6275,0.0,0.0,18.0,11.0,29.0,11.0
longformer_full_s345,longformer,full,345.0,0.446969696969697,0.2272727272727273,0.6743055555555556,0.3786596400232764,0.0,0.0,0.0,0.5862068965517241,7.0,0.6924999999999999,0.0,1.0,17.0,11.0,29.0,11.0
longformer_full_s42,longformer,full,42.0,0.6237373737373737,0.4191919191919192,0.8132575757575756,0.4808899719654869,0.0,0.0,0.0,0.6206896551724138,1.0,0.7474999999999999,0.0,0.0,18.0,11.0,29.0,11.0
longformer_full_s42_frozen,longformer,full,42.0,0.5656565656565656,0.3181818181818182,0.7828282828282829,0.5766375880012243,0.0,0.0,0.0,0.6206896551724138,1.0,0.6825,0.0,0.0,18.0,11.0,29.0,11.0
longformer_full_s42_lowlr,longformer,full,42.0,0.5984848484848484,0.3837121212121211,0.8182449494949495,0.521869423146513,0.0,0.0,0.0,0.6206896551724138,3.0,0.7675,0.0,0.0,18.0,11.0,29.0,11.0
longformer_full_s42_trunc-head,longformer,full,42.0,0.3434343434343434,0.1313131313131313,0.6061868686868687,0.4231744250105657,0.0,0.0,0.0,0.6206896551724138,2.0,0.435,0.0,0.0,18.0,11.0,29.0,11.0
longformer_full_s42_trunc-middle,longformer,full,42.0,0.3939393939393939,0.1816919191919191,0.6162878787878786,0.3363401395698047,0.0,0.0,0.0,0.6206896551724138,2.0,0.5675,0.0,0.0,18.0,11.0,29.0,11.0
longformer_full_s44,longformer,full,44.0,0.5075757575757576,0.297979797979798,0.7248106060606061,0.3966612202556731,0.0,0.0,0.0,0.6206896551724138,5.0,0.625,0.0,0.0,18.0,11.0,29.0,11.0
longformer_full_s456,longformer,full,456.0,0.5934343434343434,0.3585227272727272,0.8181818181818182,0.5817932067932068,0.0,0.0,0.0,0.6206896551724138,1.0,0.7975000000000001,0.0,0.0,18.0,11.0,29.0,11.0
longformer_full_s55,longformer,full,55.0,0.5151515151515151,0.2979797979797979,0.7123106060606059,0.4732617496919556,0.0,0.0,0.0,0.6206896551724138,2.0,0.5875,0.0,0.0,18.0,11.0,29.0,11.0
longformer_full_s567,longformer,full,567.0,0.4722222222222222,0.2372474747474747,0.6995580808080808,0.3959717136593403,0.0,0.0,0.0,0.6206896551724138,3.0,0.7100000000000001,0.0,0.0,18.0,11.0,29.0,11.0
longformer_full_s66,longformer,full,66.0,0.4797979797979798,0.2573232323232323,0.7171717171717172,0.4163741836939328,0.0,0.0,0.0,0.6206896551724138,4.0,0.805,0.0,0.0,18.0,11.0,29.0,11.0
longformer_full_s678,longformer,full,678.0,0.5025252525252525,0.2777777777777778,0.7073232323232321,0.3829764932037659,0.0,0.0,0.0,0.6206896551724138,6.0,0.85,0.0,0.0,18.0,11.0,29.0,11.0
longformer_full_s7,longformer,full,7.0,0.3686868686868688,0.1691287878787878,0.5985479797979798,0.4018448587929697,0.1538461538461538,0.5,0.0909090909090909,0.6206896551724138,9.0,0.585,1.0,1.0,17.0,10.0,29.0,11.0
longformer_full_s77,longformer,full,77.0,0.5277777777777778,0.2954545454545454,0.7575757575757576,0.5108493744609897,0.0,0.0,0.0,0.6206896551724138,2.0,0.645,0.0,0.0,18.0,11.0,29.0,11.0
longformer_full_s789,longformer,full,789.0,0.6212121212121212,0.3887626262626262,0.8383838383838383,0.6465988202830308,0.1666666666666666,1.0,0.0909090909090909,0.6551724137931034,5.0,0.6799999999999999,1.0,0.0,18.0,10.0,29.0,11.0
longformer_full_s88,longformer,full,88.0,0.4747474747474748,0.2422348484848485,0.7223484848484847,0.432931532069463,0.0,0.0,0.0,0.6206896551724138,5.0,0.655,0.0,0.0,18.0,11.0,29.0,11.0
longformer_full_s890,longformer,full,890.0,0.5151515151515151,0.2877525252525252,0.7324494949494949,0.4968603201804783,0.0,0.0,0.0,0.6206896551724138,1.0,0.675,0.0,0.0,18.0,11.0,29.0,11.0
longformer_full_s901,longformer,full,901.0,0.6262626262626263,0.4140151515151514,0.8181818181818182,0.5596517416844095,0.0,0.0,0.0,0.6206896551724138,4.0,0.775,0.0,0.0,18.0,11.0,29.0,11.0
longformer_full_s901,292929292929,,,,,,,,,,,,,,,,,,
longformer_full_s99,longformer,full,99.0,0.398989898989899,0.202020202020202,0.6161616161616161,0.3427065190701555,0.0,0.0,0.0,0.6206896551724138,3.0,0.77,0.0,0.0,18.0,11.0,29.0,11.0
longformer_full_s999,longformer,full,999.0,0.5353535353535354,0.3232323232323232,0.7373737373737373,0.4366115012048027,0.0,0.0,0.0,0.6206896551724138,1.0,0.8600000000000001,0.0,0.0,18.0,11.0,29.0,11.0
longformer_qa_s0,longformer,qa,0.0,0.43125,0.2185937499999999,0.65640625,0.4407700270743749,0.0,0.0,0.0,0.6153846153846154,9.0,0.7944444444444445,0.0,0.0,16.0,10.0,26.0,10.0
longformer_qa_s0_frozen,longformer,qa,0.0,0.4125,0.16875,0.6439062499999999,0.4949848386907211,0.1818181818181818,1.0,0.1,0.6538461538461539,7.0,0.538888888888889,1.0,0.0,16.0,9.0,26.0,10.0
longformer_qa_s0_lowlr,longformer,qa,0.0,0.4375,0.215546875,0.6625781249999999,0.3557781253833885,0.0,0.0,0.0,0.6153846153846154,8.0,0.6777777777777778,0.0,0.0,16.0,10.0,26.0,10.0
longformer_qa_s0_trunc-head,longformer,qa,0.0,0.50625,0.271875,0.7219531249999999,0.4122582972582972,0.0,0.0,0.0,0.6153846153846154,8.0,0.8666666666666668,0.0,0.0,16.0,10.0,26.0,10.0
longformer_qa_s0_trunc-middle,longformer,qa,0.0,0.44375,0.21234375,0.66265625,0.4374231032125768,0.0,0.0,0.0,0.6153846153846154,8.0,0.8722222222222222,0.0,0.0,16.0,10.0,26.0,10.0
longformer_qa_s1,longformer,qa,1.0,0.3874999999999999,0.16875,0.628203125,0.4175043094160741,0.0,0.0,0.0,0.6153846153846154,3.0,0.7527777777777779,0.0,0.0,16.0,10.0,26.0,10.0
longformer_qa_s100,longformer,qa,100.0,0.3375,0.1375,0.5564062499999999,0.3235473011755149,0.0,0.0,0.0,0.6153846153846154,1.0,0.6694444444444445,0.0,0.0,16.0,10.0,26.0,10.0
longformer_qa_s11,longformer,qa,11.0,0.35,0.1375,0.6064062499999999,0.4050151821862348,0.0,0.0,0.0,0.6153846153846154,2.0,0.725,0.0,0.0,16.0,10.0,26.0,10.0
longformer_qa_s111,longformer,qa,111.0,0.4187499999999999,0.18734375,0.66875,0.4437090360619773,0.2352941176470588,0.2857142857142857,0.2,0.5,7.0,0.75,2.0,5.0,11.0,8.0,26.0,10.0
longformer_qa_s123,longformer,qa,123.0,0.365625,0.153046875,0.5968749999999999,0.33042293619693,0.0,0.0,0.0,0.6153846153846154,1.0,0.6583333333333333,0.0,0.0,16.0,10.0,26.0,10.0
longformer_qa_s13,longformer,qa,13.0,0.41875,0.1871875,0.66875,0.4363330786860198,0.3529411764705882,0.4285714285714285,0.3,0.5769230769230769,6.0,0.7333333333333333,3.0,4.0,12.0,7.0,26.0,10.0
longformer_qa_s1_frozen,longformer,qa,1.0,0.34375,0.13734375,0.58125,0.3275624156545209,0.0,0.0,0.0,0.6153846153846154,2.0,0.5972222222222222,0.0,0.0,16.0,10.0,26.0,10.0
longformer_qa_s1_lowlr,longformer,qa,1.0,0.3562499999999999,0.14375,0.5875,0.3431641642671055,0.0,0.0,0.0,0.6153846153846154,2.0,0.6944444444444444,0.0,0.0,16.0,10.0,26.0,10.0
longformer_qa_s1_trunc-head,longformer,qa,1.0,0.425,0.20625,0.6564062499999999,0.3744093406593407,0.1176470588235294,0.1428571428571428,0.1,0.4230769230769231,7.0,0.6611111111111112,1.0,6.0,10.0,9.0,26.0,10.0
longformer_qa_s1_trunc-middle,longformer,qa,1.0,0.61875,0.36875,0.81875,0.6114914325440641,0.5217391304347826,0.4615384615384615,0.6,0.5769230769230769,5.0,0.8222222222222222,6.0,7.0,9.0,4.0,26.0,10.0
longformer_qa_s2,longformer,qa,2.0,0.403125,0.18125,0.631328125,0.3423245047006657,0.0,0.0,0.0,0.6153846153846154,3.0,0.8694444444444445,0.0,0.0,16.0,10.0,26.0,10.0
longformer_qa_s2024,longformer,qa,2024.0,0.33125,0.1310937499999999,0.5625,0.3927765567765567,0.0,0.0,0.0,0.6153846153846154,4.0,0.6222222222222222,0.0,0.0,16.0,10.0,26.0,10.0
longformer_qa_s2025,longformer,qa,2025.0,0.5375,0.2875,0.775,0.5785457089014095,0.3333333333333333,0.375,0.3,0.5384615384615384,10.0,0.8222222222222222,3.0,5.0,11.0,7.0,26.0,10.0
longformer_qa_s2026,longformer,qa,2026.0,0.3125,0.0999999999999999,0.56875,0.3436187097216509,0.1538461538461538,0.3333333333333333,0.1,0.5769230769230769,6.0,0.7722222222222223,1.0,2.0,14.0,9.0,26.0,10.0
longformer_qa_s22,longformer,qa,22.0,0.434375,0.19375,0.675,0.4912232212232212,0.2666666666666666,0.4,0.2,0.5769230769230769,6.0,0.6944444444444444,2.0,3.0,13.0,8.0,26.0,10.0
longformer_qa_s234,longformer,qa,234.0,0.33125,0.1125,0.5812499999999999,0.3596409423909423,0.0,0.0,0.0,0.6153846153846154,2.0,0.8111111111111111,0.0,0.0,16.0,10.0,26.0,10.0
longformer_qa_s33,longformer,qa,33.0,0.36875,0.175,0.59375,0.3326895000424412,0.0,0.0,0.0,0.6153846153846154,2.0,0.7777777777777778,0.0,0.0,16.0,10.0,26.0,10.0
longformer_qa_s345,longformer,qa,345.0,0.35625,0.14984375,0.58125,0.3560161768056505,0.0,0.0,0.0,0.6153846153846154,10.0,0.6499999999999999,0.0,0.0,16.0,10.0,26.0,10.0
longformer_qa_s42,longformer,qa,42.0,0.3999999999999999,0.175,0.6375,0.3736356323415147,0.0,0.0,0.0,0.6153846153846154,1.0,0.7777777777777778,0.0,0.0,16.0,10.0,26.0,10.0
longformer_qa_s42_frozen,longformer,qa,42.0,0.4499999999999999,0.1935937499999999,0.7126562499999999,0.56165056426949,0.0,0.0,0.0,0.6153846153846154,1.0,0.7361111111111112,0.0,0.0,16.0,10.0,26.0,10.0
longformer_qa_s42_lowlr,longformer,qa,42.0,0.31875,0.1,0.6,0.4090563588458324,0.0,0.0,0.0,0.6153846153846154,6.0,0.8527777777777779,0.0,0.0,16.0,10.0,26.0,10.0
longformer_qa_s42_trunc-head,longformer,qa,42.0,0.415625,0.2,0.643828125,0.4196354852876592,0.0,0.0,0.0,0.6153846153846154,1.0,0.7444444444444445,0.0,0.0,16.0,10.0,26.0,10.0
longformer_qa_s42_trunc-head,0.6499999999999999,,,,,,,,,,,,,,,,,,
longformer_qa_s42_trunc-middle,longformer,qa,42.0,0.60625,0.35609375,0.8624999999999999,0.6403465879105266,0.4761904761904761,0.4545454545454545,0.5,0.5769230769230769,7.0,0.7333333333333334,5.0,6.0,10.0,5.0,26.0,10.0
longformer_qa_s44,longformer,qa,44.0,0.4499999999999999,0.22484375,0.675,0.4326799649625736,0.0,0.0,0.0,0.6153846153846154,8.0,0.8277777777777777,0.0,0.0,16.0,10.0,26.0,10.0
longformer_qa_s456,longformer,qa,456.0,0.35,0.13125,0.56875,0.4048145132899138,0.0,0.0,0.0,0.6153846153846154,2.0,0.961111111111111,0.0,0.0,16.0,10.0,26.0,10.0
longformer_qa_s55,longformer,qa,55.0,0.346875,0.124921875,0.58125,0.3522162804515745,0.0,0.0,0.0,0.6153846153846154,2.0,0.7916666666666666,0.0,0.0,16.0,10.0,26.0,10.0
longformer_qa_s567,longformer,qa,567.0,0.340625,0.1375,0.575,0.3498046071575483,0.0,0.0,0.0,0.6153846153846154,4.0,0.7611111111111112,0.0,0.0,16.0,10.0,26.0,10.0
longformer_qa_s66,longformer,qa,66.0,0.3625,0.14375,0.6124999999999999,0.3481262578001708,0.0,0.0,0.0,0.6153846153846154,2.0,0.8055555555555556,0.0,0.0,16.0,10.0,26.0,10.0
longformer_qa_s678,longformer,qa,678.0,0.4875,0.25609375,0.69375,0.4030370843989769,0.0,0.0,0.0,0.6153846153846154,3.0,0.8055555555555556,0.0,0.0,16.0,10.0,26.0,10.0
longformer_qa_s7,longformer,qa,7.0,0.45625,0.24375,0.6875,0.3834615384615384,0.0,0.0,0.0,0.5769230769230769,6.0,0.7222222222222222,0.0,1.0,15.0,10.0,26.0,10.0
longformer_qa_s77,longformer,qa,77.0,0.36875,0.15625,0.59375,0.3449383587427065,0.0,0.0,0.0,0.6153846153846154,1.0,0.75,0.0,0.0,16.0,10.0,26.0,10.0
longformer_qa_s789,longformer,qa,789.0,0.4,0.1625,0.66265625,0.4033541457420849,0.0,0.0,0.0,0.5769230769230769,4.0,0.6277777777777778,0.0,1.0,15.0,10.0,26.0,10.0
longformer_qa_s88,longformer,qa,88.0,0.403125,0.175,0.625,0.3499575024517816,0.0,0.0,0.0,0.6153846153846154,1.0,0.6416666666666666,0.0,0.0,16.0,10.0,26.0,10.0
longformer_qa_s890,longformer,qa,890.0,0.40625,0.16875,0.6439062499999999,0.4809253065774804,0.2857142857142857,0.5,0.2,0.6153846153846154,4.0,0.6444444444444445,2.0,2.0,14.0,8.0,26.0,10.0
longformer_qa_s901,longformer,qa,901.0,0.4375,0.21875,0.66875,0.387995951417004,0.0,0.0,0.0,0.6153846153846154,8.0,0.9166666666666666,0.0,0.0,16.0,10.0,26.0,10.0
longformer_qa_s901,0002,0.6563281249999999,,,,,,,,,,,,,,,,,
longformer_qa_s99,longformer,qa,99.0,0.3874999999999999,0.1625,0.61875,0.4176111339640752,0.0,0.0,0.0,0.6153846153846154,3.0,0.75,0.0,0.0,16.0,10.0,26.0,10.0
longformer_qa_s999,longformer,qa,999.0,0.45625,0.21875,0.7125,0.3932692307692307,0.0,0.0,0.0,0.6153846153846154,1.0,0.7,0.0,0.0,16.0,10.0,26.0,10.0
longformer_scripted_s0,longformer,scripted,0.0,0.4545454545454546,0.2222222222222222,0.6717171717171717,0.4054615816124767,0.0,0.0,0.0,0.6206896551724138,3.0,0.6325000000000001,0.0,0.0,18.0,11.0,29.0,11.0
longformer_scripted_s0_frozen,longformer,scripted,0.0,0.4797979797979798,0.2626262626262626,0.6818181818181818,0.3917523203215636,0.0,0.0,0.0,0.5862068965517241,3.0,0.725,0.0,1.0,17.0,11.0,29.0,11.0
longformer_scripted_s0_lowlr,longformer,scripted,0.0,0.5681818181818181,0.3484217171717171,0.7752525252525251,0.4571856059068335,0.0,0.0,0.0,0.6206896551724138,7.0,0.755,0.0,0.0,18.0,11.0,29.0,11.0
longformer_scripted_s0_trunc-head,longformer,scripted,0.0,0.5934343434343434,0.3686237373737374,0.808080808080808,0.466261457244308,0.0,0.0,0.0,0.6206896551724138,5.0,0.74,0.0,0.0,18.0,11.0,29.0,11.0
longformer_scripted_s0_trunc-middle,longformer,scripted,0.0,0.553030303030303,0.3231691919191919,0.762752525252525,0.4422400123357061,0.0,0.0,0.0,0.6206896551724138,2.0,0.765,0.0,0.0,18.0,11.0,29.0,11.0
longformer_scripted_s1,longformer,scripted,1.0,0.4090909090909091,0.1919191919191919,0.6263888888888888,0.3504491555874955,0.0,0.0,0.0,0.6206896551724138,1.0,0.7275,0.0,0.0,18.0,11.0,29.0,11.0
longformer_scripted_s100,longformer,scripted,100.0,0.5050505050505051,0.2877525252525252,0.7323232323232323,0.4011540989762405,0.0,0.0,0.0,0.5862068965517241,4.0,0.685,0.0,1.0,17.0,11.0,29.0,11.0
longformer_scripted_s11,longformer,scripted,11.0,0.6212121212121212,0.3988636363636363,0.8181818181818182,0.5386255158982431,0.0,0.0,0.0,0.5862068965517241,6.0,0.665,0.0,1.0,17.0,11.0,29.0,11.0
longformer_scripted_s111,longformer,scripted,111.0,0.5454545454545455,0.3383838383838384,0.7500631313131313,0.4228105228105228,0.0,0.0,0.0,0.6206896551724138,6.0,0.66,0.0,0.0,18.0,11.0,29.0,11.0
longformer_scripted_s123,longformer,scripted,123.0,0.3484848484848485,0.1515151515151515,0.5757575757575757,0.3269609326206028,0.0,0.0,0.0,0.6206896551724138,2.0,0.61,0.0,0.0,18.0,11.0,29.0,11.0
longformer_scripted_s13,longformer,scripted,13.0,0.5303030303030303,0.3131313131313131,0.7474747474747475,0.4609604542371412,0.0,0.0,0.0,0.6206896551724138,2.0,0.675,0.0,0.0,18.0,11.0,29.0,11.0
longformer_scripted_s1_frozen,longformer,scripted,1.0,0.4797979797979798,0.27260101010101,0.7122474747474746,0.3863617047440576,0.0,0.0,0.0,0.6206896551724138,2.0,0.69,0.0,0.0,18.0,11.0,29.0,11.0
longformer_scripted_s1_lowlr,longformer,scripted,1.0,0.3737373737373737,0.1717171717171717,0.5909090909090908,0.3476272407372885,0.0,0.0,0.0,0.6206896551724138,7.0,0.525,0.0,0.0,18.0,11.0,29.0,11.0
longformer_scripted_s1_lowlr,6060606061,,,,,,,,,,,,,,,,,,
longformer_scripted_s1_trunc-head,longformer,scripted,1.0,0.5227272727272728,0.3080176767676768,0.7424242424242424,0.4883842938056473,0.0,0.0,0.0,0.6206896551724138,3.0,0.64,0.0,0.0,18.0,11.0,29.0,11.0
longformer_scripted_s1_trunc-middle,longformer,scripted,1.0,0.3762626262626263,0.1741792929292929,0.5858585858585859,0.3304646859952235,0.0,0.0,0.0,0.6206896551724138,1.0,0.655,0.0,0.0,18.0,11.0,29.0,11.0
longformer_scripted_s2,longformer,scripted,2.0,0.6035353535353535,0.3912247474747475,0.8333333333333333,0.5414825069517073,0.0,0.0,0.0,0.6206896551724138,2.0,0.64,0.0,0.0,18.0,11.0,29.0,11.0
longformer_scripted_s2024,longformer,scripted,2024.0,0.4166666666666666,0.161489898989899,0.666729797979798,0.4574161278310273,0.0,0.0,0.0,0.6206896551724138,2.0,0.5075000000000001,0.0,0.0,18.0,11.0,29.0,11.0
longformer_scripted_s2025,longformer,scripted,2025.0,0.3737373737373737,0.1666666666666666,0.6212121212121213,0.3581574364332985,0.0,0.0,0.0,0.6206896551724138,3.0,0.5700000000000001,0.0,0.0,18.0,11.0,29.0,11.0
longformer_scripted_s2026,longformer,scripted,2026.0,0.4520202020202021,0.2171717171717171,0.671780303030303,0.4556699592196549,0.0,0.0,0.0,0.6206896551724138,3.0,0.68,0.0,0.0,18.0,11.0,29.0,11.0
longformer_scripted_s22,longformer,scripted,22.0,0.3888888888888888,0.1917929292929293,0.6161616161616161,0.3575295886813109,0.0,0.0,0.0,0.5862068965517241,4.0,0.645,0.0,1.0,17.0,11.0,29.0,11.0
longformer_scripted_s234,longformer,scripted,234.0,0.5176767676767677,0.2929292929292929,0.7298611111111112,0.4758741258741259,0.0,0.0,0.0,0.6206896551724138,3.0,0.675,0.0,0.0,18.0,11.0,29.0,11.0
longformer_scripted_s33,longformer,scripted,33.0,0.5151515151515152,0.3054292929292929,0.7323232323232323,0.4083762942789312,0.0,0.0,0.0,0.6206896551724138,2.0,0.705,0.0,0.0,18.0,11.0,29.0,11.0
longformer_scripted_s345,longformer,scripted,345.0,0.457070707070707,0.2398358585858585,0.6818181818181818,0.4295977847361246,0.0,0.0,0.0,0.6206896551724138,2.0,0.7825000000000001,0.0,0.0,18.0,11.0,29.0,11.0
longformer_scripted_s42,longformer,scripted,42.0,0.5328282828282829,0.2979166666666666,0.7575757575757575,0.461803585941517,0.0,0.0,0.0,0.6206896551724138,2.0,0.6725,0.0,0.0,18.0,11.0,29.0,11.0
longformer_scripted_s42_frozen,longformer,scripted,42.0,0.5404040404040404,0.3282828282828283,0.7828282828282828,0.4497256366821585,0.0,0.0,0.0,0.6206896551724138,2.0,0.7,0.0,0.0,18.0,11.0,29.0,11.0
longformer_scripted_s42_lowlr,longformer,scripted,42.0,0.5530303030303031,0.3434343434343434,0.7628156565656564,0.4297148978967161,0.0,0.0,0.0,0.6206896551724138,6.0,0.6625,0.0,0.0,18.0,11.0,29.0,11.0
longformer_scripted_s42_trunc-head,longformer,scripted,42.0,0.6717171717171717,0.4747474747474748,0.8585858585858586,0.5513347763347763,0.0,0.0,0.0,0.6206896551724138,3.0,0.535,0.0,0.0,18.0,11.0,29.0,11.0
longformer_scripted_s42_trunc-head,828282828282,,,,,,,,,,,,,,,,,,
longformer_scripted_s42_trunc-middle,longformer,scripted,42.0,0.3737373737373737,0.1564393939393939,0.6011363636363635,0.3945555540613626,0.0,0.0,0.0,0.6206896551724138,1.0,0.475,0.0,0.0,18.0,11.0,29.0,11.0
longformer_scripted_s44,longformer,scripted,44.0,0.5656565656565657,0.3483585858585858,0.803030303030303,0.4791771491974332,0.1538461538461538,0.5,0.0909090909090909,0.6206896551724138,4.0,0.62,1.0,1.0,17.0,10.0,29.0,11.0
longformer_scripted_s456,longformer,scripted,456.0,0.4797979797979798,0.2575757575757575,0.7223484848484847,0.4206444733717461,0.0,0.0,0.0,0.6206896551724138,3.0,0.695,0.0,0.0,18.0,11.0,29.0,11.0
longformer_scripted_s55,longformer,scripted,55.0,0.5151515151515151,0.2929292929292929,0.7324494949494949,0.4884173065991247,0.0,0.0,0.0,0.6206896551724138,2.0,0.75,0.0,0.0,18.0,11.0,29.0,11.0
longformer_scripted_s567,longformer,scripted,567.0,0.4242424242424242,0.2145833333333333,0.6363636363636364,0.3440662142217166,0.0,0.0,0.0,0.6206896551724138,2.0,0.7749999999999999,0.0,0.0,18.0,11.0,29.0,11.0
longformer_scripted_s66,longformer,scripted,66.0,0.4999999999999999,0.2727272727272727,0.7272727272727273,0.3960954303345607,0.0,0.0,0.0,0.6206896551724138,7.0,0.625,0.0,0.0,18.0,11.0,29.0,11.0
longformer_scripted_s678,longformer,scripted,678.0,0.5404040404040404,0.297979797979798,0.7676767676767676,0.4682650682650682,0.0,0.0,0.0,0.6206896551724138,2.0,0.6799999999999999,0.0,0.0,18.0,11.0,29.0,11.0
longformer_scripted_s7,longformer,scripted,7.0,0.5353535353535354,0.2929292929292929,0.7727272727272726,0.5347498828008573,0.1666666666666666,1.0,0.0909090909090909,0.6551724137931034,7.0,0.72,1.0,0.0,18.0,10.0,29.0,11.0
longformer_scripted_s77,longformer,scripted,77.0,0.4242424242424242,0.1969696969696969,0.6467171717171715,0.4239934707249847,0.0,0.0,0.0,0.6206896551724138,4.0,0.6275,0.0,0.0,18.0,11.0,29.0,11.0
longformer_scripted_s789,longformer,scripted,789.0,0.3156565656565656,0.1414141414141414,0.51010101010101,0.3069290586070966,0.0,0.0,0.0,0.5172413793103449,8.0,0.6925,0.0,3.0,15.0,11.0,29.0,11.0
longformer_scripted_s88,longformer,scripted,88.0,0.4343434343434343,0.2222222222222222,0.6767676767676768,0.4012000992510737,0.0,0.0,0.0,0.6206896551724138,4.0,0.815,0.0,0.0,18.0,11.0,29.0,11.0
longformer_scripted_s890,longformer,scripted,890.0,0.5101010101010102,0.2978535353535353,0.7273989898989898,0.3935231435231435,0.0,0.0,0.0,0.6206896551724138,6.0,0.7275,0.0,0.0,18.0,11.0,29.0,11.0
longformer_scripted_s901,longformer,scripted,901.0,0.5580808080808082,0.350820707070707,0.7929924242424242,0.4262476086005498,0.0,0.0,0.0,0.6206896551724138,3.0,0.7650000000000001,0.0,0.0,18.0,11.0,29.0,11.0
longformer_scripted_s99,longformer,scripted,99.0,0.3939393939393939,0.1919191919191919,0.6085858585858586,0.3989408120089489,0.0,0.0,0.0,0.6206896551724138,2.0,0.6225,0.0,0.0,18.0,11.0,29.0,11.0
longformer_scripted_s999,longformer,scripted,999.0,0.3989898989898989,0.1919191919191919,0.6262626262626263,0.3632107499969023,0.0,0.0,0.0,0.6206896551724138,5.0,0.65,0.0,0.0,18.0,11.0,29.0,11.0
roberta_full_s0,roberta,full,0.0,0.5808080808080808,0.3433712121212121,0.8232323232323233,0.5700783260012469,0.55,0.3793103448275862,1.0,0.3793103448275862,2.0,0.625,11.0,18.0,0.0,0.0,29.0,11.0
roberta_full_s1,roberta,full,1.0,0.6818181818181819,0.469570707070707,0.8787878787878788,0.5394257703081232,0.5945945945945946,0.4230769230769231,1.0,0.4827586206896552,8.0,0.53,11.0,15.0,3.0,0.0,29.0,11.0
roberta_full_s100,roberta,full,100.0,0.5656565656565656,0.3308080808080808,0.7626262626262627,0.4654963000386342,0.55,0.3793103448275862,1.0,0.3793103448275862,1.0,0.4475,11.0,18.0,0.0,0.0,29.0,11.0
roberta_full_s11,roberta,full,11.0,0.6237373737373737,0.4240530303030303,0.8359217171717171,0.478768115942029,0.4166666666666667,0.3846153846153846,0.4545454545454545,0.5172413793103449,1.0,0.455,5.0,8.0,10.0,6.0,29.0,11.0
roberta_full_s111,roberta,full,111.0,0.7828282828282829,0.6059343434343434,0.9393939393939392,0.6584529505582137,0.6206896551724138,0.5,0.8181818181818182,0.6206896551724138,5.0,0.69,9.0,9.0,9.0,2.0,29.0,11.0
roberta_full_s123,roberta,full,123.0,0.6717171717171717,0.4595959595959595,0.8585858585858586,0.6088744588744589,0.5263157894736842,0.625,0.4545454545454545,0.6896551724137931,10.0,0.7050000000000001,5.0,3.0,15.0,6.0,29.0,11.0
roberta_full_s13,roberta,full,13.0,0.6363636363636364,0.4089646464646465,0.8484848484848485,0.5032942103268783,0.55,0.3793103448275862,1.0,0.3793103448275862,1.0,0.37,11.0,18.0,0.0,0.0,29.0,11.0
roberta_full_s2,roberta,full,2.0,0.7651515151515151,0.5757575757575758,0.9292929292929292,0.6345750381892526,0.55,0.3793103448275862,1.0,0.3793103448275862,1.0,0.59,11.0,18.0,0.0,0.0,29.0,11.0
roberta_full_s2024,roberta,full,2024.0,0.6262626262626263,0.4242424242424242,0.8282828282828283,0.5306457431457431,0.625,0.4761904761904761,0.9090909090909092,0.5862068965517241,5.0,0.53,10.0,11.0,7.0,1.0,29.0,11.0
roberta_full_s2025,roberta,full,2025.0,0.51010101010101,0.2727272727272727,0.75770202020202,0.4438641691878709,0.55,0.3793103448275862,1.0,0.3793103448275862,5.0,0.375,11.0,18.0,0.0,0.0,29.0,11.0
roberta_full_s2026,roberta,full,2026.0,0.4848484848484848,0.2574494949494949,0.702020202020202,0.4638368877499312,0.55,0.3793103448275862,1.0,0.3793103448275862,1.0,0.5,11.0,18.0,0.0,0.0,29.0,11.0
roberta_full_s22,roberta,full,22.0,0.6287878787878788,0.4014520202020202,0.8183080808080807,0.4871625344352617,0.25,0.4,0.1818181818181818,0.5862068965517241,9.0,0.435,2.0,3.0,15.0,9.0,29.0,11.0
roberta_full_s234,roberta,full,234.0,0.6868686868686869,0.4796717171717171,0.8686868686868686,0.5631882006882007,0.5,0.4615384615384615,0.5454545454545454,0.5862068965517241,5.0,0.675,6.0,7.0,11.0,5.0,29.0,11.0
roberta_full_s33,roberta,full,33.0,0.4444444444444445,0.2424242424242424,0.6717171717171717,0.3550278209507418,0.5,0.4117647058823529,0.6363636363636364,0.5172413793103449,7.0,0.5800000000000001,7.0,10.0,8.0,4.0,29.0,11.0
roberta_full_s345,roberta,full,345.0,0.3459595959595959,0.1388888888888889,0.5732323232323232,0.3337247203626513,0.0,0.0,0.0,0.6206896551724138,1.0,0.645,0.0,0.0,18.0,11.0,29.0,11.0
roberta_full_s42,roberta,full,42.0,0.5707070707070707,0.3736111111111111,0.7828282828282828,0.534115344944222,0.0,0.0,0.0,0.6206896551724138,2.0,0.655,0.0,0.0,18.0,11.0,29.0,11.0
roberta_full_s44,roberta,full,44.0,0.7297979797979798,0.5353535353535354,0.904040404040404,0.5971982337071852,0.5789473684210527,0.4074074074074074,1.0,0.4482758620689655,5.0,0.585,11.0,16.0,2.0,0.0,29.0,11.0
roberta_full_s456,roberta,full,456.0,0.6616161616161617,0.4494949494949495,0.8688131313131312,0.5519070010449322,0.55,0.3793103448275862,1.0,0.3793103448275862,1.0,0.6125,11.0,18.0,0.0,0.0,29.0,11.0
roberta_full_s55,roberta,full,55.0,0.5378787878787878,0.3282828282828283,0.76010101010101,0.4045470522743249,0.0,0.0,0.0,0.6206896551724138,1.0,0.62,0.0,0.0,18.0,11.0,29.0,11.0
roberta_full_s567,roberta,full,567.0,0.3939393939393939,0.1818181818181818,0.6112373737373736,0.3454380468016832,0.0,0.0,0.0,0.6206896551724138,1.0,0.6225,0.0,0.0,18.0,11.0,29.0,11.0
roberta_full_s66,roberta,full,66.0,0.7070707070707071,0.4998737373737373,0.8838383838383839,0.6676203024029111,0.6470588235294118,0.4782608695652174,1.0,0.5862068965517241,7.0,0.71,11.0,12.0,6.0,0.0,29.0,11.0
roberta_full_s678,roberta,full,678.0,0.4166666666666667,0.15625,0.6919823232323233,0.4857303887738671,0.0,0.0,0.0,0.6206896551724138,3.0,0.7075,0.0,0.0,18.0,11.0,29.0,11.0
roberta_full_s7,roberta,full,7.0,0.6868686868686869,0.4747474747474747,0.8738636363636363,0.5727482232562446,0.5384615384615384,0.4666666666666667,0.6363636363636364,0.5862068965517241,5.0,0.575,7.0,8.0,10.0,4.0,29.0,11.0
roberta_full_s77,roberta,full,77.0,0.5707070707070707,0.333270202020202,0.7930555555555554,0.4990796406397429,0.0,0.0,0.0,0.6206896551724138,2.0,0.43,0.0,0.0,18.0,11.0,29.0,11.0
roberta_full_s789,roberta,full,789.0,0.6717171717171717,0.4493686868686868,0.8585858585858586,0.5168081918081917,0.5,0.5555555555555556,0.4545454545454545,0.6551724137931034,7.0,0.485,5.0,4.0,14.0,6.0,29.0,11.0
roberta_full_s88,roberta,full,88.0,0.5984848484848485,0.404040404040404,0.7929292929292929,0.4413938692886061,0.0,0.0,0.0,0.6206896551724138,3.0,0.49,0.0,0.0,18.0,11.0,29.0,11.0
roberta_full_s890,roberta,full,890.0,0.6742424242424243,0.4595959595959596,0.8536616161616161,0.5905814446990918,0.5714285714285714,0.4166666666666667,0.9090909090909092,0.4827586206896552,4.0,0.41,10.0,14.0,4.0,1.0,29.0,11.0
roberta_full_s901,roberta,full,901.0,0.8080808080808081,0.6212121212121212,0.9545454545454544,0.7175324675324676,0.6111111111111112,0.44,1.0,0.5172413793103449,5.0,0.62,11.0,14.0,4.0,0.0,29.0,11.0
roberta_full_s99,roberta,full,99.0,0.409090909090909,0.1868686868686869,0.6313131313131313,0.3764612766094979,0.55,0.3793103448275862,1.0,0.3793103448275862,1.0,0.6725000000000001,11.0,18.0,0.0,0.0,29.0,11.0
roberta_full_s999,roberta,full,999.0,0.611111111111111,0.3888888888888888,0.8183080808080807,0.4577150818530128,0.0,0.0,0.0,0.6206896551724138,3.0,0.7150000000000001,0.0,0.0,18.0,11.0,29.0,11.0
roberta_qa_s0,roberta,qa,0.0,0.6125,0.35,0.8314062499999999,0.5847619047619047,0.5,0.6666666666666666,0.4,0.6923076923076923,6.0,0.6,4.0,2.0,14.0,6.0,26.0,10.0
roberta_qa_s1,roberta,qa,1.0,0.434375,0.21875,0.68125,0.3731299840510367,0.5555555555555556,0.3846153846153846,1.0,0.3846153846153846,1.0,0.6472222222222223,10.0,16.0,0.0,0.0,26.0,10.0
roberta_qa_s100,roberta,qa,100.0,0.628125,0.378046875,0.8375,0.6618909592822636,0.5555555555555556,0.3846153846153846,1.0,0.3846153846153846,1.0,0.5194444444444445,10.0,16.0,0.0,0.0,26.0,10.0
roberta_qa_s11,roberta,qa,11.0,0.321875,0.103125,0.5376562499999998,0.3900070028011204,0.0,0.0,0.0,0.6153846153846154,4.0,0.6472222222222223,0.0,0.0,16.0,10.0,26.0,10.0
roberta_qa_s111,roberta,qa,111.0,0.43125,0.2125,0.69390625,0.3838622162151573,0.0,0.0,0.0,0.5769230769230769,3.0,0.6833333333333333,0.0,1.0,15.0,10.0,26.0,10.0
roberta_qa_s123,roberta,qa,123.0,0.43125,0.2187499999999999,0.65625,0.3604724080267558,0.0,0.0,0.0,0.6153846153846154,5.0,0.6222222222222222,0.0,0.0,16.0,10.0,26.0,10.0
roberta_qa_s13,roberta,qa,13.0,0.40625,0.18734375,0.63125,0.3744605032648511,0.5555555555555556,0.3846153846153846,1.0,0.3846153846153846,3.0,0.6055555555555555,10.0,16.0,0.0,0.0,26.0,10.0
roberta_qa_s2,roberta,qa,2.0,0.65625,0.4375,0.8564062499999998,0.6174767185522334,0.0,0.0,0.0,0.6153846153846154,1.0,0.5388888888888889,0.0,0.0,16.0,10.0,26.0,10.0
roberta_qa_s2024,roberta,qa,2024.0,0.46875,0.2375,0.68125,0.3930453138193076,0.1428571428571428,0.25,0.1,0.5384615384615384,6.0,0.6,1.0,3.0,13.0,9.0,26.0,10.0
roberta_qa_s2025,roberta,qa,2025.0,0.4499999999999999,0.225,0.7000000000000001,0.4086510711510711,0.0,0.0,0.0,0.6153846153846154,2.0,0.4833333333333333,0.0,0.0,16.0,10.0,26.0,10.0
roberta_qa_s2026,roberta,qa,2026.0,0.43125,0.225,0.65625,0.3688014436543848,0.5714285714285714,0.4,1.0,0.4230769230769231,4.0,0.5333333333333333,10.0,15.0,1.0,0.0,26.0,10.0
roberta_qa_s22,roberta,qa,22.0,0.421875,0.184375,0.6625,0.4339193777237256,0.5555555555555556,0.3846153846153846,1.0,0.3846153846153846,1.0,0.525,10.0,16.0,0.0,0.0,26.0,10.0
roberta_qa_s234,roberta,qa,234.0,0.471875,0.25,0.696953125,0.4399970198883242,0.5555555555555556,0.3846153846153846,1.0,0.3846153846153846,1.0,0.5638888888888889,10.0,16.0,0.0,0.0,26.0,10.0
roberta_qa_s33,roberta,qa,33.0,0.38125,0.14359375,0.6376562499999999,0.4238056943056943,0.0,0.0,0.0,0.6153846153846154,2.0,0.6333333333333333,0.0,0.0,16.0,10.0,26.0,10.0
roberta_qa_s345,roberta,qa,345.0,0.378125,0.159375,0.606328125,0.3586798985328397,0.0,0.0,0.0,0.6153846153846154,3.0,0.5333333333333333,0.0,0.0,16.0,10.0,26.0,10.0
roberta_qa_s42,roberta,qa,42.0,0.61875,0.3871874999999999,0.8314062499999999,0.6098576913282796,0.0,0.0,0.0,0.6153846153846154,1.0,0.6083333333333334,0.0,0.0,16.0,10.0,26.0,10.0
roberta_qa_s44,roberta,qa,44.0,0.48125,0.25,0.725,0.4495769589887236,0.5555555555555556,0.3846153846153846,1.0,0.3846153846153846,1.0,0.5888888888888889,10.0,16.0,0.0,0.0,26.0,10.0
roberta_qa_s456,roberta,qa,456.0,0.6125,0.375,0.8439062499999999,0.4819838056680162,0.0,0.0,0.0,0.6153846153846154,1.0,0.5638888888888889,0.0,0.0,16.0,10.0,26.0,10.0
roberta_qa_s55,roberta,qa,55.0,0.4,0.174921875,0.6343749999999999,0.3480573412095151,0.0,0.0,0.0,0.6153846153846154,1.0,0.7805555555555556,0.0,0.0,16.0,10.0,26.0,10.0
roberta_qa_s567,roberta,qa,567.0,0.40625,0.18734375,0.63140625,0.3561274509803921,0.0,0.0,0.0,0.6153846153846154,1.0,0.5083333333333333,0.0,0.0,16.0,10.0,26.0,10.0
roberta_qa_s66,roberta,qa,66.0,0.175,0.04375,0.375,0.2735911726582746,0.0,0.0,0.0,0.6153846153846154,1.0,0.625,0.0,0.0,16.0,10.0,26.0,10.0
roberta_qa_s678,roberta,qa,678.0,0.3875,0.1875,0.6003124999999998,0.3513042571463624,0.0,0.0,0.0,0.5384615384615384,5.0,0.7222222222222222,0.0,2.0,14.0,10.0,26.0,10.0
roberta_qa_s7,roberta,qa,7.0,0.475,0.24375,0.7250000000000001,0.4063186813186813,0.0,0.0,0.0,0.5384615384615384,3.0,0.6333333333333333,0.0,2.0,14.0,10.0,26.0,10.0
roberta_qa_s77,roberta,qa,77.0,0.440625,0.2125,0.675078125,0.3906201769245248,0.5555555555555556,0.3846153846153846,1.0,0.3846153846153846,3.0,0.5805555555555555,10.0,16.0,0.0,0.0,26.0,10.0
roberta_qa_s789,roberta,qa,789.0,0.503125,0.281171875,0.71875,0.4548763072676116,0.1333333333333333,0.2,0.1,0.5,7.0,0.5111111111111111,1.0,4.0,12.0,9.0,26.0,10.0
roberta_qa_s88,roberta,qa,88.0,0.3375,0.13125,0.575,0.3268820672081541,0.0,0.0,0.0,0.6153846153846154,2.0,0.6722222222222223,0.0,0.0,16.0,10.0,26.0,10.0
roberta_qa_s890,roberta,qa,890.0,0.35,0.13109375,0.6001562499999998,0.3304663693794128,0.5555555555555556,0.3846153846153846,1.0,0.3846153846153846,2.0,0.5277777777777778,10.0,16.0,0.0,0.0,26.0,10.0
roberta_qa_s901,roberta,qa,901.0,0.51875,0.2875,0.7314062499999999,0.4213839523050049,0.6060606060606061,0.4347826086956521,1.0,0.5,1.0,0.5777777777777777,10.0,13.0,3.0,0.0,26.0,10.0
roberta_qa_s99,roberta,qa,99.0,0.54375,0.3125,0.7504687499999996,0.4074945887445887,0.125,0.1666666666666666,0.1,0.4615384615384615,9.0,0.55,1.0,5.0,11.0,9.0,26.0,10.0
roberta_qa_s999,roberta,qa,999.0,0.6625000000000001,0.41875,0.8875,0.6058333333333333,0.375,0.5,0.3,0.6153846153846154,6.0,0.6388888888888888,3.0,3.0,13.0,7.0,26.0,10.0
roberta_scripted_s0,roberta,scripted,0.0,0.3232323232323232,0.1262626262626262,0.5354797979797977,0.3110545032481791,0.0,0.0,0.0,0.6206896551724138,1.0,0.69,0.0,0.0,18.0,11.0,29.0,11.0
roberta_scripted_s1,roberta,scripted,1.0,0.3787878787878788,0.1816919191919191,0.5808080808080809,0.3380238182869761,0.5263157894736842,0.3703703703703703,0.9090909090909092,0.3793103448275862,2.0,0.71,10.0,17.0,1.0,1.0,29.0,11.0
roberta_scripted_s100,roberta,scripted,100.0,0.505050505050505,0.2929292929292929,0.7272727272727273,0.413767472589198,0.0,0.0,0.0,0.6206896551724138,4.0,0.76,0.0,0.0,18.0,11.0,29.0,11.0
roberta_scripted_s11,roberta,scripted,11.0,0.3787878787878788,0.1715909090909091,0.5910353535353533,0.3486332280343169,0.0,0.0,0.0,0.6206896551724138,6.0,0.79,0.0,0.0,18.0,11.0,29.0,11.0
roberta_scripted_s111,roberta,scripted,111.0,0.3787878787878788,0.1717171717171717,0.5960858585858585,0.4105533722407104,0.2962962962962963,0.25,0.3636363636363636,0.3448275862068966,5.0,0.7100000000000001,4.0,12.0,6.0,7.0,29.0,11.0
roberta_scripted_s123,roberta,scripted,123.0,0.3989898989898989,0.1767676767676767,0.6364898989898988,0.3800421434145242,0.2727272727272727,0.2727272727272727,0.2727272727272727,0.4482758620689655,6.0,0.7150000000000001,3.0,8.0,10.0,8.0,29.0,11.0
roberta_scripted_s13,roberta,scripted,13.0,0.4292929292929293,0.202020202020202,0.6565656565656566,0.3974325183355836,0.2857142857142857,0.2352941176470588,0.3636363636363636,0.3103448275862069,4.0,0.675,4.0,13.0,5.0,7.0,29.0,11.0
roberta_scripted_s2,roberta,scripted,2.0,0.4873737373737373,0.2676767676767676,0.6894570707070707,0.402555315055315,0.55,0.3793103448275862,1.0,0.3793103448275862,1.0,0.6775000000000001,11.0,18.0,0.0,0.0,29.0,11.0
roberta_scripted_s2024,roberta,scripted,2024.0,0.4141414141414141,0.1917929292929293,0.6414141414141414,0.397880628143786,0.3478260869565217,0.3333333333333333,0.3636363636363636,0.4827586206896552,7.0,0.75,4.0,8.0,10.0,7.0,29.0,11.0
roberta_scripted_s2025,roberta,scripted,2025.0,0.4722222222222222,0.237310606060606,0.7020833333333334,0.4720801084437448,0.0,0.0,0.0,0.6206896551724138,3.0,0.745,0.0,0.0,18.0,11.0,29.0,11.0
roberta_scripted_s2026,roberta,scripted,2026.0,0.3232323232323232,0.1313131313131313,0.5454545454545454,0.316049060861895,0.0,0.0,0.0,0.5172413793103449,4.0,0.67,0.0,3.0,15.0,11.0,29.0,11.0
roberta_scripted_s22,roberta,scripted,22.0,0.3838383838383838,0.1666666666666666,0.6161616161616161,0.3548361846559338,0.3448275862068966,0.2777777777777778,0.4545454545454545,0.3448275862068966,4.0,0.7350000000000001,5.0,13.0,5.0,6.0,29.0,11.0
roberta_scripted_s234,roberta,scripted,234.0,0.4595959595959596,0.2373737373737374,0.6920454545454544,0.4346083955110325,0.1538461538461538,0.5,0.0909090909090909,0.6206896551724138,3.0,0.63,1.0,1.0,17.0,10.0,29.0,11.0
roberta_scripted_s33,roberta,scripted,33.0,0.4040404040404041,0.1969696969696969,0.606060606060606,0.3429891713930615,0.25,0.2307692307692307,0.2727272727272727,0.3793103448275862,5.0,0.755,3.0,10.0,8.0,8.0,29.0,11.0
roberta_scripted_s345,roberta,scripted,345.0,0.3762626262626262,0.1867424242424242,0.5808080808080808,0.3294624301801335,0.0,0.0,0.0,0.6206896551724138,1.0,0.695,0.0,0.0,18.0,11.0,29.0,11.0
roberta_scripted_s42,roberta,scripted,42.0,0.505050505050505,0.2979797979797979,0.7171717171717171,0.4444374911301207,0.1176470588235294,0.1666666666666666,0.0909090909090909,0.4827586206896552,5.0,0.78,1.0,5.0,13.0,10.0,29.0,11.0
roberta_scripted_s44,roberta,scripted,44.0,0.4898989898989899,0.2626262626262626,0.7273989898989898,0.4511964796822368,0.2857142857142857,0.6666666666666666,0.1818181818181818,0.6551724137931034,6.0,0.6900000000000001,2.0,1.0,17.0,9.0,29.0,11.0
roberta_scripted_s456,roberta,scripted,456.0,0.4646464646464647,0.2474747474747475,0.6868686868686869,0.460575547941858,0.0,0.0,0.0,0.6206896551724138,3.0,0.685,0.0,0.0,18.0,11.0,29.0,11.0
roberta_scripted_s55,roberta,scripted,55.0,0.3914141414141414,0.1818181818181818,0.6263888888888888,0.3446240336829133,0.0,0.0,0.0,0.6206896551724138,2.0,0.77,0.0,0.0,18.0,11.0,29.0,11.0
roberta_scripted_s567,roberta,scripted,567.0,0.3484848484848485,0.1515151515151515,0.5656565656565656,0.3339038739038739,0.0,0.0,0.0,0.6206896551724138,1.0,0.665,0.0,0.0,18.0,11.0,29.0,11.0
roberta_scripted_s66,roberta,scripted,66.0,0.4974747474747474,0.2727272727272727,0.7121212121212122,0.4368988308369307,0.0,0.0,0.0,0.6206896551724138,3.0,0.71,0.0,0.0,18.0,11.0,29.0,11.0
roberta_scripted_s678,roberta,scripted,678.0,0.4242424242424242,0.1766414141414141,0.6717171717171716,0.4346277194363319,0.3636363636363636,0.3636363636363636,0.3636363636363636,0.5172413793103449,6.0,0.6750000000000002,4.0,7.0,11.0,7.0,29.0,11.0
roberta_scripted_s7,roberta,scripted,7.0,0.4545454545454545,0.2424242424242424,0.6767676767676768,0.4027474041110405,0.5263157894736842,0.3703703703703703,0.9090909090909092,0.3793103448275862,1.0,0.7250000000000001,10.0,17.0,1.0,1.0,29.0,11.0
roberta_scripted_s77,roberta,scripted,77.0,0.5631313131313131,0.3509469696969697,0.7828282828282828,0.4586864314137042,0.4864864864864865,0.3461538461538461,0.8181818181818182,0.3448275862068966,3.0,0.645,9.0,17.0,1.0,2.0,29.0,11.0
roberta_scripted_s789,roberta,scripted,789.0,0.409090909090909,0.1969696969696969,0.6262626262626262,0.3652070745653634,0.3076923076923077,0.2666666666666666,0.3636363636363636,0.3793103448275862,8.0,0.7274999999999999,4.0,11.0,7.0,7.0,29.0,11.0
roberta_scripted_s88,roberta,scripted,88.0,0.4494949494949495,0.2373737373737374,0.6465909090909089,0.4393019191147533,0.25,0.4,0.1818181818181818,0.5862068965517241,5.0,0.66,2.0,3.0,15.0,9.0,29.0,11.0
roberta_scripted_s890,roberta,scripted,890.0,0.3434343434343434,0.1261363636363636,0.550631313131313,0.3894071842200184,0.0,0.0,0.0,0.6206896551724138,3.0,0.61,0.0,0.0,18.0,11.0,29.0,11.0
roberta_scripted_s901,roberta,scripted,901.0,0.4242424242424242,0.2219696969696969,0.6414141414141414,0.3543055495806692,0.1428571428571428,0.3333333333333333,0.0909090909090909,0.5862068965517241,3.0,0.7,1.0,2.0,16.0,10.0,29.0,11.0
roberta_scripted_s99,roberta,scripted,99.0,0.4747474747474747,0.2422979797979797,0.7121212121212122,0.4629275158191321,0.3529411764705882,0.5,0.2727272727272727,0.6206896551724138,6.0,0.705,3.0,3.0,15.0,8.0,29.0,11.0
roberta_scripted_s999,roberta,scripted,999.0,0.398989898989899,0.1818181818181818,0.6212121212121211,0.3741196522526446,0.2962962962962963,0.25,0.3636363636363636,0.3448275862068966,7.0,0.76,4.0,12.0,6.0,7.0,29.0,11.0
